Image Name, Time (seconds)
12x12.png, 0.000229
160x63.png, 0.018386
16x16.png, 0.000468
3008x2000.png, 12.466197
4x4.png, 0.000152
5x5.png, 0.000037
640x253.png, 0.297116
7x7.png, 0.000066
90x90.png, 0.012889
9x9.png, 0.000159
