Image Name, Time (seconds)
12x12.png, 0.000216
160x63.png, 0.016523
16x16.png, 0.000399
3008x2000.png, 12.285551
4x4.png, 0.000106
640x253.png, 0.290718
7x7.png, 0.000075
90x90.png, 0.014386
