Image Name, Time (seconds)
12x12.png, 32.822814
4x4.png, 0.000432
5x5.png, 0.001515
7x7.png, 0.031547
9x9.png, 0.627937
